터미널명,주소,등록일자,위도,경도,번호,보관대수
3.15아트 센터 앞,경남 창원시 마산회원구 양덕동  531-2 공원,2011-08-05,35.22557773,128.5784376,199,19
GMB코리아,경남 창원시 성산구 가음정동  394 도,2010-06-22,35.20480379,128.6796695,140,20
KPE창원공장 맞은편,경남 창원시 의창구 팔용동  503-3 도,2009-05-13,35.2469667,128.6152938,9,17
KT마산지점앞,경남 창원시 마산합포구 서성동  66-14도로,2011-08-05,35.20299787,128.5711205,204,20
KT앞(대우아파트맞은편),경남 창원시 성산구 상남동  72-2대,2010-01-11,35.21898674,128.6787951,110,20
LG사원아파트 앞,경남 창원시 성산구 가음동  502-2,2009-04-26,35.21038786,128.6958647,84,24
LG정문,경남 창원시 성산구 웅남동  69 도,2009-05-14,35.20932937,128.6649334,97,36
SK테크노파크,경남 창원시 성산구 성산동  526 도,2010-06-22,35.20650447,128.6634099,145,25
㈜K.A.T 앞 보도,경남 창원시 의창구 팔용동  532-4 도,2009-05-13,35.24762559,128.6232358,10,15
가음동 은아아파트,경남 창원시 성산구 가음동  502-2 도,2010-06-22,35.2080035,128.6943036,142,24
가음동한림풀에버후문,경남 창원시 성산구 가음동  516,2015-06-14,35.210546,128.690096,235,30
가음정 자율방범대앞,경남 창원시 성산구 가음동  가음동 20-8 대,2009-05-08,35.20697785,128.7002206,87,20
가음정더샵센트럴파크2단지,경남 창원시 성산구 가음동  502-3 도,2009-05-13,35.20971841,128.699402,86,18
가음정사거리,경남 창원시 성산구 가음정동  405 도,2010-06-22,35.20511062,128.6919755,143,24
가음정주민센터앞,경남 창원시 성산구 남양동  502-5 가음정주민센터 앞 노외주차장,2008-10-02,35.21277214,128.7007436,85,39
감계공원,경남 창원시 의창구 북면 감계리 237-1 (경남은행북면점앞),2018-10-15,35.3012806,128.5942011,264,10
감계덕산아내APT버스정류소옆,경남 창원시 의창구 북면 감계리 740-2 (덕산아내버스정류소),2018-10-15,35.3023499,128.5903715,265,10
강림중공업앞,경남 창원시 성산구 웅남동  69 도,2009-05-14,35.21120308,128.6594617,96,26
개나리 4차아파트,경남 창원시 성산구 가음동  502-3 도,2010-06-22,35.20912117,128.7045631,144,25
검찰청뒤 주차장,경남 창원시 성산구 사파동  6번지,2009-05-13,35.22620875,128.7005451,74,22
경남도교육청,경남 창원시 성산구 용호동  500 도,2010-06-22,35.23290431,128.6873996,132,25
경남도청,경남 창원시 의창구 사림동  1번지,2009-04-27,35.23754881,128.6912084,38,25
경남은행 본점 앞,경남 창원시 마산회원구 석전동  267 도로,2011-08-10,35.23023141,128.5766995,212,20
경남지방경찰청,경남 창원시 의창구 사림동  1-2 대,2010-01-11,35.23649287,128.6935687,108,30
경상대병원동문,경남 창원시 성산구 삼정자동  530,2016-07-21,35.19851,128.709068,246,30
경화동 두산위브,경남 창원시 진해구 경화동  1233-31,2020-09-11,35.1598368,128.6847228,284,20
경화동 육교 밑,경남 창원시 진해구 경화동  1248 도로,2011-08-05,35.15771846,128.6814719,176,20
경화동포스코더샵,경남 창원시 진해구 경화동  1491-3답,2012-08-16,35.16018762,128.680222,221,19
공성상가,경남 창원시 성산구 중앙동  95-3 대,2009-05-13,35.22392127,128.6774915,47,14
교통문화연수원앞,경남 창원시 성산구 반림동  6-4,2009-05-13,35.23604595,128.6726904,44,26
구슬비 공원,경남 창원시 의창구 팔용동  팔용동 182 공원,2009-05-07,35.26054832,128.6138642,6,12
구암동KT앞,경남 창원시 마산회원구 구암동  100도,2012-08-16,35.25026287,128.5983396,226,24
구암동효도요양병원맞은편,경남 창원시 마산회원구 구암동  741,2015-06-14,35.247392,128.592424,240,20
구암여중,경남 창원시 마산회원구 구암동  1334,2016-07-21,35.256414,128.597143,249,26
국민연금관리공단,경남 창원시 성산구 신월동  501-41 국민연금앞 보도,2009-05-13,35.2342714,128.6894596,60,18
금강산면옥본점 앞,경남 창원시 진해구 충무동  13-10,2011-01-14,35.15223165,128.6621439,152,20
기적의 도서관,경남 창원시 진해구 석동  658 대지,2011-08-05,35.1562799,128.7064004,180,20
까치1차아파트 버스정류소,경남 창원시 성산구 반지동  511-4 도,2009-05-13,35.24421277,128.665899,40,14
까치아파트삼거리,경남 창원시 의창구 봉곡동  502-1 도,2010-06-22,35.24630253,128.6655021,125,20
남문 세스페데스공원 옆,경남 창원시 진해구 남문동  1253-5,2021-07-27,35.1054659,128.7510163,292,20
남부터미널 앞,경남 창원시 마산합포구 해운동  5-56,2011-08-05,35.17948221,128.5602629,211,20
남산복지회관,경남 창원시 성산구 가음동  37-5 차,2009-05-14,35.20555332,128.7030503,88,23
남산터미널 앞,경남 창원시 성산구 남산동  629-12 남산터미널 옆,2008-10-02,35.20227023,128.6965942,90,35
남양동성아파트,경남 창원시 성산구 대방동  309 답,2010-06-22,35.21470933,128.7043405,141,25
내동목련상가,경남 창원시 성산구 내동  515-38 구,2009-05-11,35.22275997,128.6611488,45,20
내서 롯데마트 앞,경남 창원시 마산회원구 내서읍 삼계리 127-1,2011-01-14,35.2326368,128.5046155,159,30
내서 상곡교차로 앞,경남 창원시 마산회원구 내서읍 중리 1056-4,2011-01-14,35.24202656,128.5048056,158,20
내서 숲속마을 4차 아파트 옆,경남 창원시 마산회원구 내서읍 삼계리 515-2도로,2011-08-05,35.23156349,128.4969735,193,20
내서 현대프라자 앞,경남 창원시 마산회원구 내서읍 호계리 295-1 ,2011-08-05,35.25358344,128.52121,192,14
내서맥도날드앞,경남 창원시 마산회원구 내서읍 중리 1043-1,2011-01-14,35.2484236,128.5105025,156,20
내서운동장,경남 창원시 마산회원구 내서읍 삼계리 270-1,2011-01-14,35.22627448,128.5037005,160,25
내서읍사무소,경남 창원시 마산회원구 내서읍 중리 1049-2,2011-01-14,35.24715902,128.508271,157,15
내서코오롱1차상가 정류소 앞,경남 창원시 마산회원구 내서읍 호계리 109-7,2011-08-05,35.26565113,128.5260165,190,21
내서코오롱2차상가앞,경남 창원시 마산회원구 내서읍 호계리 181-1도로,2011-08-05,35.2610389,128.5230124,191,18
내수면환경생태공원주차장,경남 창원시 진해구 태백동  55-37,2014-12-09,35.1647377,128.6601604,171,15
냉천로 안전지대,경남 창원시 진해구 이동  46-6,2011-08-05,35.15051009,128.7007624,182,20
냉천사거리버스정류소,경남 창원시 진해구 석동  140 대지,2011-08-05,35.15168777,128.7060678,181,19
노블파크아파트 버스정류소,경남 창원시 성산구 반림동  511도,2009-04-23,35.23569542,128.6656737,42,28
농업기술센터앞,경남 창원시 의창구 명서동  210 공,2010-01-11,35.23879971,128.6482421,106,30
농협 서상동지점,경남 창원시 의창구 서상동  344-4,2009-04-26,35.26217775,128.6183274,2,15
늘푸른요양병원옆,경남 창원시 진해구 여좌동  832-13,2011-08-05,35.15245095,128.6730659,174,16
늘푸른전당,경남 창원시 성산구 삼동동  250 전,2009-05-13,35.23018759,128.6539337,16,20
대동다숲아파트 앞,경남 창원시 진해구 장천동  119-14 도로,2011-08-05,35.12992097,128.7065077,187,20
대동백화점,경남 창원시 성산구 상남동  503 도,2010-06-22,35.2211648,128.6903393,136,30
대동황토방아파트 앞 버스정류소,경남 창원시 성산구 대방동  361-2 버스정류소 앞,2008-10-02,35.20807363,128.7066954,81,31
대방동성아파트 버스정류소,경남 창원시 성산구 남산동  121-2,2010-01-11,35.20348881,128.7060785,114,35
대원동 대동아파트,경남 창원시 성산구 삼동동  194-12 대,2010-01-11,35.22625257,128.654902,102,25
대원민원센터,경남 창원시 성산구 대원동  93-1 대,2010-06-22,35.23245737,128.6507016,122,17
대원평생학습센터,경남 창원시 성산구 대원동  37-5번지,2009-05-11,35.23500751,128.6511871,14,18
덕산동 해군아파트 버스정류소,경남 창원시 진해구 자은동  845-1 도로,2011-08-10,35.1456698,128.7072909,213,20
덕산성당 앞,경남 창원시 진해구 덕산동  10-22 ,2014-01-23,35.1471342,128.7017363,232,17
덕산아파트 앞,경남 창원시 성산구 대방동  496-1,2009-05-13,35.21198913,128.7057589,80,32
도계광장교차로,경남 창원시 의창구 소답동  168 (금호온천앞),2018-10-15,35.261568,128.6297216,263,23
도계동 안골,경남 창원시 의창구 도계동  88-6(도),2021-07-27,35.2637831,128.6425987,287,19
도계동 정류소앞,경남 창원시 의창구 도계동  444번지 버스정류소 옆,2008-10-02,35.25864727,128.6333799,20,18
도계주유소,경남 창원시 의창구 도계동  454 도,2010-01-11,35.25533129,128.6362231,104,25
도계초교 앞 노외주차장,경남 창원시 의창구 도계동  438번지 (도계초등학교 앞 노외주차장),2008-10-02,35.25969855,128.6385942,21,27
도청사거리,경남 창원시 의창구 사림동  501-3 도,2010-06-22,35.23765397,128.6884081,126,20
동남공단,경남 창원시 성산구 외동  789,2014-01-23,35.2161123,128.6727745,233,20
동읍동중학교 앞,경남 창원시 의창구 동읍 신방리 871-6 수로,2011-08-04,35.29124577,128.6758769,161,16
동읍보건지소,경남 창원시 의창구 동읍 용잠리 230-7 대,2009-05-14,35.27961762,128.6887193,99,15
동읍주민복지관,경남 창원시 의창구 동읍 용잠리 687),2021-07-27,35.2839562,128.6818273,289,15
두대교사거리(대원꿈에그린105동앞),경남 창원시 성산구 대원동  40-1(대원꿈에그린105동앞),2019-08-06,35.234298,128.6464676,271,29
두산1차아파트101동앞,경남 창원시 마산합포구 해운동  41,2015-06-14,35.179214,128.563145,238,23
두산위브버스정류소,경남 창원시 의창구 명서동  27 대,2010-06-22,35.25213782,128.6417726,123,20
럭키아파트상가 버스정류소,경남 창원시 성산구 반림동  503-2 수,2009-05-13,35.23930452,128.6664356,41,20
레알주차장 옆,경남 창원시 성산구 상남동  32번지 공원앞,2008-10-02,35.2201963,128.6814371,67,25
롯데마트중앙점(로터리앞),경남 창원시 성산구 중앙동  92번지,2010-12-20,35.22582312,128.6809087,149,30
롯데마트중앙점(이마트사이),경남 창원시 성산구 중앙동  92번지,2010-12-20,35.22600398,128.6803274,150,20
롯데백화점,경남 창원시 성산구 상남동  501-1 도,2009-05-13,35.22427184,128.6809731,50,25
마산 이마트건너편,경남 창원시 마산합포구 신포동1가  49,2016-07-21,35.197943,128.570482,247,25
마산시외버스 터미널,경남 창원시 마산회원구 합성동  278 도로,2011-08-05,35.2387318,128.5830832,194,20
마산여성회관,경남 창원시 마산합포구 산호동  47-5,2016-07-21,35.216705,128.57896,248,19
마산역 앞,경남 창원시 마산회원구 석전동  267 마산역앞,2011-08-05,35.23538871,128.5786146,196,22
마산종합운동장사거리(롯데마트쪽),경남 창원시 마산회원구 양덕동  84-14,2011-08-05,35.2231856,128.5845317,200,38
마산합포구청 앞,경남 창원시 마산합포구 중앙동1가  4-11 대,2011-08-05,35.19728617,128.5672528,207,17
마산합포도서관 앞,경남 창원시 마산합포구 해운동  61-1 도로,2011-08-05,35.1833865,128.5639374,209,30
마산합포우체국,경남 창원시 마산합포구 중앙동2가  8-1도,2012-08-16,35.19190725,128.5644364,228,18
마산회원도서관,경남 창원시 마산회원구 회원동  72-2,2015-06-14,35.223758,128.572957,239,20
메트로시티2단지북측(201동앞),경남 창원시 마산회원구 양덕동  84-14,2017-09-11,35.2271621,128.5857686,261,21
명서1민원센터,경남 창원시 의창구 명서동  174-14 대,2009-05-13,35.24585567,128.6493686,28,15
명서2민원센터,경남 창원시 의창구 명서동  111 체,2009-05-13,35.24322263,128.6418074,27,25
명서다리 앞 버스정류소,경남 창원시 의창구 명서동  82번지 명곡교 옆 도계방면 버스정류장,2008-10-02,35.24609444,128.6441973,26,24
명서다리(명서동2동),경남 창원시 의창구 명서동  500-3 도,2010-06-22,35.24548766,128.6444843,124,20
명서중학교 정문,경남 창원시 의창구 명서동  500-6 도,2009-05-13,35.250914,128.6453954,25,20
명서초 버스정류소,경남 창원시 의창구 명서동  500-3 도,2010-01-11,35.24917642,128.6413836,105,25
무학빌라앞(월남교),경남 창원시 마산합포구 문화동  17 도로,2011-08-05,35.18588787,128.5599679,208,20
무학상가 앞,경남 창원시 성산구 용호동  504 무학상가 앞,2008-01-08,35.23581373,128.6767808,52,26
문성고 맞은편,경남 창원시 성산구 반지동  505-3 도,2010-06-22,35.23756634,128.6620367,128,20
반지민원센터,경남 창원시 성산구 반지동  80-1 대,2009-05-11,35.24064865,128.6628547,39,23
법원 앞,경남 창원시 성산구 사파동  124번지 완충녹지,2008-10-02,35.2233209,128.6999255,75,19
봉곡중앙어린이공원,경남 창원시 의창구 봉곡동  106 공,2009-05-13,35.2474854,128.6655557,34,24
봉림동주민센터,경남 창원시 의창구 봉림동  680,2012-08-16,35.2517406,128.667416,220,29
봉림상가사거리,경남 창원시 의창구 봉곡동  139번지 버스정류장 앞,2008-10-02,35.24588634,128.6710516,35,29
봉림휴먼시아1단지앞공원,경남 창원시 의창구 봉림동  531,2015-06-14,35.254033,128.669078,236,20
봉암동 버스정류소앞,경남 창원시 마산회원구 봉암동  466,2017-01-30,35.2206608,128.5958181,255,23
봉암변전소,경남 창원시 마산회원구 봉암동  660-123),2021-07-27,35.2129814,128.6001232,290,20
부산신항사랑으로 부영3단지입구,경남 창원시 진해구 용원동  1356(부영3단지입구),2019-09-25,35.0886905,128.8027681,275,16
북면사무소,경남 창원시 의창구 북면 신촌리 964-5 전,2010-01-11,35.34809693,128.6076093,117,10
북면족욕체험장,경남 창원시 의창구 북면 신촌리 북면온천,2011-08-05,35.35329048,128.6116755,168,9
사림동 사격장,경남 창원시 의창구 사림동  117-1 공원,2011-08-05,35.24953565,128.6848998,162,20
사림동버스정류소,경남 창원시 의창구 사림동  510 도,2010-01-11,35.24421715,128.6759949,107,24
사림동성당 뒤,경남 창원시 의창구 사림동  106-1,2016-07-21,35.2476401,128.679074,244,20
사림민원센터옆 노외주차장,경남 창원시 의창구 사림동  502-4 사림민원센터 옆 노외주차장,2008-10-02,35.24270346,128.6818019,36,20
사파대동상가,경남 창원시 성산구 사파동  505 도,2010-06-22,35.22225804,128.6945224,138,30
사파동 주택지 공영주차장,경남 창원시 성산구 사파동  46-5 공영주차장,2017-01-30,35.2281455,128.7011917,254,23
사파동성아파트,경남 창원시 성산구 사파동  524 도,2009-05-13,35.21935487,128.7020123,77,25
사파동임시공영주차장,경남 창원시 성산구 사파동  39-19,2018-10-15,35.2298173,128.7037461,268,10
사파동주민센터옆,경남 창원시 성산구 대방동  344-1 차,2009-05-13,35.21550698,128.709147,79,24
사파무궁화아파트,경남 창원시 성산구 사파동  503 도,2010-06-22,35.21984132,128.6925226,137,20
사파민원센터옆,경남 창원시 성산구 사파동  502-2 구,2009-05-13,35.22215083,128.6983296,76,25
사파삼익아파트 버스정류소,경남 창원시 성산구 사파동  503도,2010-01-11,35.21761939,128.6941051,113,30
사화사거리(창원드림타운앞보도),경남 창원시 의창구 팔용동  532-2 (사화사거리),2018-10-15,35.2394612,128.6334043,266,19
삼정자동프리빌리지2차,경남 창원시 성산구 삼정자동  산56-3임,2012-08-16,35.19606312,128.7168396,219,16
상남꿈에그린아파트정문,경남 창원시 성산구 상남동  501-7,2016-07-21,35.215024,128.679672,245,30
상남도서관,경남 창원시 성산구 가음정동  3 답,2009-04-26,35.2141834,128.6952102,73,19
상남동 공영주차빌딩,경남 창원시 성산구 상남동  76-2,2021-11-11,35.2219032,128.6811823,293,21
상남동주민센터,경남 창원시 성산구 상남동  89-3 대,2009-05-13,35.21621258,128.6875203,70,20
상남분수공원,경남 창원시 성산구 상남동  24번지,2009-05-11,35.22100047,128.6833012,68,40
상남오거리,경남 창원시 성산구 상남동  42-1 공,2010-01-11,35.21998594,128.6856294,112,25
새롬아파트 앞,경남 창원시 마산합포구 동성동  317 도로,2011-08-05,35.20328717,128.580122,205,21
서부경찰서 버스정류소,경남 창원시 의창구 명서동  500-3도,2009-04-23,35.25061333,128.6395383,24,14
석동 하나로마트 앞,경남 창원시 진해구 석동  543-10,2015-06-14,35.157423,128.697976,241,22
석전동 메트로시티,경남 창원시 마산회원구 석전동  152-1,2020-09-11,35.2300627,128.5703661,282,20
성산구청,경남 창원시 성산구 성주동  5 공,2009-04-26,35.19886866,128.7022698,91,24
성산스포츠센터,경남 창원시 성산구 남양동  37-1,2017-09-11,35.2063152,128.7065469,259,28
성원 그랜드쇼핑 앞,경남 창원시 성산구 상남동  503 성원 그랜드쇼핑 앞,2008-08-18,35.21994212,128.6918145,71,33
성원3차아파트 버스정류소,경남 창원시 성산구 사파정동  63 답,2009-05-13,35.21510158,128.7047455,78,28
성원중앙상가,경남 창원시 성산구 상남동  503 도,2009-04-12,35.21663989,128.6942419,72,32
성주 유니온빌리지,경남 창원시 성산구 삼정자동  532 답,2010-06-22,35.2019897,128.7129235,146,23
성주동 루이젠하우스 정류소,경남 창원시 성산구 삼정자동  165 전,2011-08-05,35.19665054,128.7073553,167,20
성주동 정동사거리,경남 창원시 성산구 성산동  519 구거,2011-08-05,35.19906592,128.6743534,166,30
성주동 해성디에스 정문,,,,,294,24
성주동주민센터,경남 창원시 성산구 성주동  59 공,2009-05-14,35.18896996,128.6943519,92,20
성주동한화테크윈정문,경남 창원시 성산구 성주동  517 도,2009-05-14,35.19827249,128.6860371,89,20
성주프리빌리지 버스정류소,경남 창원시 성산구 대방동  377-1 성주프리빌리지앞 버스정류소,2009-05-14,35.20357209,128.7090987,93,30
소계동 SK주유소앞,경남 창원시 의창구 소계동  366-3 도,2010-01-11,35.25584599,128.6003378,101,25
소라아파트앞,경남 창원시 성산구 가음정동  558-2 도,2009-05-13,35.20811746,128.6866701,82,40
소죽도 찜질방,경남 창원시 진해구 덕산동  585번지 소죽도찜질방,2013-10-05,35.14095425,128.6888427,234,14
속천종점,경남 창원시 진해구 태평동  86-58도,2011-08-05,35.14392398,128.6698902,173,19
시민생활체육관,경남 창원시 성산구 상남동  503 도,2009-04-23,35.22271176,128.6881185,69,44
시청사거리(옛한서병원),경남 창원시 성산구 중앙동  516-3 한서한방병원 앞,2008-08-18,35.22758252,128.6796293,58,29
시티세븐 건너편,경남 창원시 성산구 반지동  505-2 도,2010-06-22,35.2413869,128.6531639,127,23
신월서머나교회옆,경남 창원시 성산구 신월동  501-10 도,2009-05-13,35.22747736,128.6943358,66,16
신월성산복지회관,경남 창원시 성산구 신월동  501-1 도,2010-06-22,35.23035191,128.6952907,135,20
신월주공상가,경남 창원시 성산구 신월동  501-35 도,2009-05-13,35.22389935,128.6921203,65,25
신월주민운동장,경남 창원시 성산구 신월동  12-157차,2009-05-13,35.23071122,128.692815,64,24
신촌단지입구(한국철강맞은편),경남 창원시 성산구 신촌동  190 (신촌단지입구),2018-10-15,35.2123193,128.6355703,267,20
신항중학교,경남 창원시 진해구 용원동  1338-6,2019-09-25,35.0885854,128.8100118,274,17
신흥동 해군아파트 앞,경남 창원시 진해구 신흥동  1-1,2011-01-14,35.14771167,128.6573589,154,18
안민동 정자나무,경남 창원시 성산구 안민동  73 도,2010-06-22,35.18679541,128.6916536,147,19
양덕동 경남은행,경남 창원시 마산회원구 양덕동  25(도),2021-07-27,35.2305874,128.5841963,291,20
양덕동 삼각지 공원,경남 창원시 마산회원구 양덕동  412-14 답,2011-08-05,35.22073095,128.589381,201,21
양덕동메트로시티앞,경남 창원시 마산회원구 양덕동  84-15,2014-12-09,35.2282243,128.5811668,198,20
양덕초등학교 앞,경남 창원시 마산회원구 양덕동  833 공원,2011-08-05,35.2333863,128.5874176,197,17
어시장 정문,경남 창원시 마산합포구 신포동2가  118 도로,2011-08-05,35.20107794,128.5759056,206,20
오동동 삼성생명앞,경남 창원시 마산합포구 오동동  289-15 삼성생명앞 버스정류소,2013-10-03,35.20853166,128.5763669,231,20
용마고 앞,경남 창원시 마산합포구 산호동  470-8 도로,2011-08-05,35.21091381,128.581624,203,22
용원공영주차빌딩,경남 창원시 진해구 용원동  1219-1,2020-02-13,35.1000008,128.8144103,279,15
용원동 애플타운상가 옆,경남 창원시 진해구 용원동  1359,2020-09-11,35.0885845,128.8141018,286,17
용원하나로마트(맞은편),경남 창원시 진해구 용원동  1289,2015-06-14,35.100843,128.809458,242,15
용지동 주민센터,경남 창원시 성산구 용호동  62-2 용지동 주민센터,2008-10-02,35.23599775,128.6846396,56,30
용지사거리,경남 창원시 성산구 반림동  512-3 도,2010-06-22,35.23203015,128.6729077,129,20
용지아이파크 건너편,경남 창원시 성산구 중앙동  516-3 도,2010-06-22,35.22969244,128.6761692,130,20
용지호수,경남 창원시 성산구 용호동  554-1,2009-05-12,35.23179134,128.6799967,57,25
용호동 35번지 공원옆,경남 창원시 성산구 용호동  35 공,2009-05-13,35.23938463,128.6836633,53,24
우리누리청소년문화센터,경남 창원시 마산회원구 합성동  58-5 도로,2011-08-05,35.2408699,128.59025,195,24
우성아파트 버스정류소 앞,경남 창원시 진해구 풍호동  726-2 도로,2011-08-05,35.13954611,128.7021518,185,23
웅2동 청안공원,경남 창원시 진해구 용원동  1207-1 공원,2011-08-05,35.10383877,128.8066506,188,11
웅남동 상복사거리,경남 창원시 성산구 웅남동  524 공원,2011-08-10,35.20210367,128.6710489,215,19
웅남동 창곡삼거리,경남 창원시 성산구 웅남동  70,2011-08-05,35.21588827,128.6468714,165,20
웅남동 효성굿스프링스 앞,경남 창원시 성산구 웅남동  458 도로,2011-08-05,35.21802259,128.6565113,164,20
웅남동주민센터,경남 창원시 성산구 웅남동  주민센터 앞,2009-05-14,35.2055599,128.6272752,94,15
웅천남문지구(시티프라디움사거리),경남 창원시 진해구 남문동  1305 (시티프라디움1차),2018-10-15,35.1053123,128.7551345,270,15
웅천동주민센터,경남 창원시 진해구 성내동  376(웅천행정복지센터),2019-08-08,35.1111448,128.7498012,272,12
원풍벽산 입구 하천옆,경남 창원시 의창구 팔용동  514-16 도,2009-05-13,35.25189689,128.6187699,8,25
월영광장,경남 창원시 마산합포구 해운동  4,2011-08-05,35.1802934,128.5587072,210,21
월영동한국방송통신대학앞,경남 창원시 마산합포구 해운동  55,2014-12-09,35.177322,128.567409,224,20
월영마을,경남 창원시 마산합포구 월영동  706대,2012-08-16,35.17436959,128.5589111,223,27
유니시티2단지 공원,경남 창원시 의창구 중동  793-1,2019-12-26,35.257951,128.6281847,278,29
육호광장,경남 창원시 마산합포구 상남동  142-2 육호광장,2011-08-05,35.21200953,128.5753047,202,16
윤병원 건너편,경남 창원시 의창구 서상동  305-6,2009-04-23,35.26133675,128.6207601,3,20
은아상가,경남 창원시 성산구 신월동  501-22 도,2009-05-13,35.22696466,128.6867934,62,25
은아아파트 정문,경남 창원시 성산구 신월동  503 도,2009-04-23,35.22451067,128.685852,63,33
의안민원센터,경남 창원시 의창구 북동  260 대,2010-06-22,35.26526569,128.6208031,119,20
의안어린이집 주차장,경남 창원시 의창구 소답동  365 유,2009-05-13,35.26636506,128.6238152,4,15
의창구청,경남 창원시 의창구 도계동  895번지 명곡동 주민센터,2008-10-02,35.25382218,128.6399567,22,20
의창노인종합복지관,경남 창원시 의창구 명곡동  30대,2012-08-16,35.25274236,128.6482716,218,31
의창도서관,경남 창원시 성산구 반송동  산51-5 임,2009-05-11,35.23378065,128.6784786,54,28
의창동 태광주유소,경남 창원시 의창구 서상동  600-7 도,2010-06-22,35.26210109,128.6147654,118,20
의창스포츠센터,경남 창원시 의창구 도계동  456-6 도,2010-01-11,35.25572553,128.6332029,103,30
이동우체국,경남 창원시 진해구 이동  811-7 도로,2011-08-05,35.15012192,128.6974794,183,20
자여민원센터,경남 창원시 의창구 동읍 송정리 98-21,2009-05-14,35.27715209,128.7005666,100,10
자은동사회복지센터 버스정류소,경남 창원시 진해구 자은동  985 도로,2011-08-10,35.14954732,128.7072265,214,19
자은센트럴빌리지,경남 창원시 진해구 자은동  109(자은센트럴빌리지앞),2019-08-14,35.15631,128.717333,273,31
장미공원,경남 창원시 성산구 가음동  502-2 장미공원버스정류소,2013-10-03,35.2072031,128.693152,230,25
정부경남지방합동청사,경남 창원시 마산합포구 신포동1가  76-3,2015-06-14,35.195964,128.571611,237,20
정우상가앞,경남 창원시 성산구 용호동  505,2017-01-30,35.2285487,128.6789816,253,25
주남저수지 주차장,경남 창원시 의창구 동읍 월잠리 303-7,2019-10-15,35.3060586,128.6782436,276,14
중동사거리(메트로병원맞은편),경남 창원시 의창구 소답동  114번지 앞 보도,2008-10-02,35.26150977,128.6260951,5,20
중앙고 버스정류소,경남 창원시 성산구 용호동  505 도,2009-04-26,35.23046584,128.6755174,55,29
중앙공원,경남 창원시 성산구 신촌동  33-3 공,2009-05-14,35.20138917,128.6281925,95,15
중앙동 BNG사원아파트 앞,경남 창원시 성산구 내동  332-5,2011-08-10,35.21988953,128.6660171,216,32
중앙동 여우비공원(중앙시장옆),경남 창원시 성산구 중앙동  20-2 공,2009-05-13,35.22735247,128.6748388,46,15
지귀상가,경남 창원시 의창구 봉곡동  502-1 도,2009-05-13,35.24470126,128.6588717,33,19
진해 덕산동 주민센터,경남 창원시 진해구 풍호동  764-1,2017-01-30,35.1434288,128.7034528,257,19
진해 중원쉼터,경남 창원시 진해구 평안동  2,2011-01-14,35.14983681,128.6602718,153,25
진해LH자은프라임앞,경남 창원시 진해구 자은동  102,2016-07-22,35.1523661,128.7183937,251,37
진해고등학교,경남 창원시 진해구 여좌동  150-1도,2012-08-16,35.15975782,128.6628091,222,26
진해공설운동장,경남 창원시 진해구 도만동  19 진해공설운동장사거리,2019-10-17,35.1496686,128.6557247,277,19
진해구청,경남 창원시 진해구 풍호동  30-12 도로,2011-08-05,35.13495742,128.7103379,186,18
진해도서관,경남 창원시 진해구 여좌동  795-1,2011-01-14,35.1522614,128.6664927,151,20
진해동부도서관,경남 창원시 진해구 용원동  1226 공원,2011-08-05,35.10063496,128.817873,189,8
진해롯데마트옆시내버스정류장,경남 창원시 진해구 석동  264 도로,2011-08-05,35.15784126,128.7006766,179,25
진해루,경남 창원시 진해구 경화동  1007-14,2011-01-14,35.14731032,128.684417,155,30
진해마린푸르지오앞,경남 창원시 진해구 풍호동  305-3,2016-07-22,35.135001,128.70451,252,20
진해시외버스터미널 옆(황실뷔페앞),경남 창원시 진해구 인의동  30,2017-09-11,35.1450008,128.6618006,262,20
진해여중옆,경남 창원시 진해구 여좌동  218 도로,2011-08-05,35.15534571,128.6593115,170,20
진해중앙고삼거리,경남 창원시 진해구 경화동  853-59,2011-08-05,35.15957362,128.6902213,177,24
진해홈플러스건너편,경남 창원시 진해구 경화동  969-2 도로,2011-08-05,35.15375799,128.6911762,178,20
차룡119안전센터,경남 창원시 의창구 팔용동  501-3 도,2009-05-13,35.24329273,128.6229247,11,15
창원 중앙역,경남 창원시 의창구 용동  633-8,2010-12-20,35.24116783,128.7016636,148,32
창원 컨벤션센터 앞,경남 창원시 성산구 반지동  505-2 컨벤션센터앞 보도,2008-08-18,35.2394854,128.6564791,15,32
창원고등학교,경남 창원시 의창구 도계동  907도,2016-07-21,35.255428,128.641101,243,24
창원과학고버스정류소,경남 창원시 의창구 중동  722,2020-09-11,35.2556379,128.6226887,280,25
창원남고삼거리,경남 창원시 성산구 외동  205-1 도,2010-06-22,35.21129074,128.681193,131,28
창원남중버스정류소앞,경남 창원시 성산구 외동  158-3도,2009-05-13,35.21328055,128.6776578,51,20
창원대학교앞,경남 창원시 의창구 퇴촌동  산129-1 임,2009-05-13,35.24305438,128.691528,37,30
창원도서관,경남 창원시 성산구 중앙동  106-3,2010-01-11,35.224578,128.6634997,115,30
창원레포츠파크(창원경륜장),경남 창원시 성산구 중앙동  1번지 경륜공단,2008-01-08,35.23295689,128.6681414,19,50
창원문성대학,경남 창원시 성산구 중앙동  304-7 창원전문대,2009-04-22,35.23715448,128.6615753,17,25
창원병원,경남 창원시 성산구 중앙동  104-2 잡,2009-04-23,35.21752736,128.6712098,49,25
창원상공회의소,경남 창원시 성산구 신월동  501-41 도,2010-06-22,35.22831213,128.6842722,134,20
창원시립곰두리체육센터,경남 창원시 의창구 도계동  456-4,2014-12-09,35.2528826,128.6375177,23,19
창원시외버스터미널 옆,경남 창원시 의창구 팔용동  35번지 창원시외버스터미널 앞,2008-10-02,35.23574362,128.6398441,12,25
창원시청,경남 창원시 성산구 용호동  1번지,2009-04-12,35.2277337,128.6821961,59,40
창원역,경남 창원시 의창구 동정동  708-63 답,2009-05-13,35.25728935,128.6071426,1,30
창원축구센터,경남 창원시 성산구 사파정동  325 전,2010-06-22,35.22229545,128.7047642,139,30
창원호텔삼거리,경남 창원시 성산구 중앙동  501-38,2009-05-13,35.2205178,128.6741321,48,24
창원홈플러스,경남 창원시 의창구 팔용동  523-3 홈플러스뒷편도로,2009-04-23,35.2346962,128.6439209,13,30
충혼탑,경남 창원시 성산구 대원동  504 공,2009-05-13,35.22768988,128.6577934,18,20
캔버라호텔 옆,경남 창원시 성산구 중앙동  501-3 도,2010-01-11,35.22096102,128.6772287,109,26
코오롱아파트 버스정류소,경남 창원시 의창구 봉곡동  511-9 도,2009-05-11,35.24718311,128.6554974,32,28
태백동중초교,경남 창원시 진해구 경화동  1452 구거,2011-08-05,35.15305623,128.6792994,175,15
퇴촌2호교 삼거리,경남 창원시 의창구 사림동  501-19(도),2020-10-12,35.2421229,128.6855918,285,20
트리비앙상가 주차장,경남 창원시 성산구 반림동  23 차,2009-05-11,35.23506666,128.6702174,43,13
파티마병원,경남 창원시 의창구 명서동  503-4 파티마병원버서정류소옆,2009-04-23,35.23692445,128.6467239,30,30
팔용동 원풍벽산C단지,경남 창원시 의창구 팔용동  514-2 도,2010-06-22,35.25847337,128.6133645,120,20
팔용동서식품,경남 창원시 의창구 팔용동  514-7 도,2010-06-22,35.2507318,128.6130644,121,20
팔용종합상가,경남 창원시 의창구 팔용동  505 도,2009-05-11,35.2554846,128.6134565,7,26
풍호초등학교사거리,경남 창원시 진해구 덕산동  516-6 도로,2011-08-05,35.14013393,128.7076449,184,17
한국전력공사,경남 창원시 성산구 신월동  99-5 한국전력공사 앞 보도,2008-10-02,35.23085802,128.688789,61,25
한국폴리텍대학정문,경남 창원시 성산구 중앙동  110-1,2014-12-09,35.225426,128.668497,116,25
한림엘리시온아파트 버스정류소,경남 창원시 성산구 가음동  502-2 도,2009-04-26,35.21348654,128.6967579,83,20
한마음병원옆 공원,경남 창원시 의창구 사림동  518-10(도),2021-07-27,35.2385051,128.7003413,288,31
합성동 롯데캐슬,경남 창원시 마산회원구 합성동  415-19,2020-09-11,35.2451788,128.5875195,283,20
해군의집,경남 창원시 진해구 도천동  중장로 13 도로,2011-08-05,35.15333913,128.6545104,169,24
허앤리병원 버스정류소,경남 창원시 의창구 명서동  500-3도,2009-04-23,35.24391485,128.6480811,29,25
현동농협 앞,경남 창원시 마산합포구 현동  1295,2017-09-11,35.1510772,128.5539188,260,14
현동초등학교 앞,경남 창원시 마산합포구 현동  1296,2017-01-30,35.1467167,128.5576472,256,16
회성동한효맨션,경남 창원시 마산회원구 회성동  471도,2012-08-16,35.23377189,128.5585678,227,15
회원동농협,경남 창원시 마산회원구 회원동  72-3(농협회원동지점),2018-10-15,35.2187572,128.5745534,269,8
회원동팔거리,경남 창원시 마산회원구 회원동  72-3도,2012-08-16,35.2185222,128.5635781,229,19
